Bound, Solutions, BinarySearch, HashMapIndexes, HashMapIndexes2, HashMapFrequencies, FastUtilsMap
1000000,45525,3380510.4,1.503213904E8,1.6636124E8,9.34336176E7,3.8090248E7
1000000,153677,1.40175232E7,1.756049888E8,1.670007728E8,9.81646144E7,4.21211536E7
1000000,86576,9228473.6,1.709251184E8,1.665549664E8,9.34516816E7,3.75782128E7
1000000,170895,1.42000656E7,1.755059664E8,1.711881648E8,9.90234304E7,4.22505712E7
1000000,82026,9139328.0,1.714110384E8,1.665045536E8,9.58239712E7,3.58299872E7
1000000,154146,1.72080944E7,1.758191632E8,1.688422976E8,9.72420608E7,4.20535552E7
1000000,98906,9247596.8,1.702687792E8,1.663393376E8,9.34176528E7,3.7586824E7
1000000,164491,1.38458576E7,1.755552896E8,1.71307496E8,9.84481552E7,4.21338672E7
1000000,87441,9117632.0,1.710789104E8,1.664412016E8,9.34034128E7,3.75864208E7
1000000,42891,4534014.4,1.663613792E8,1.663567232E8,9.34085664E7,3.76134256E7
1000000,115389,9119795.2,1.71002208E8,1.666366656E8,9.34193696E7,3.76087312E7
1000000,150718,1.37403712E7,1.738586256E8,1.669919952E8,9.83435232E7,3.76244656E7
1000000,101295,9328336.0,1.709498336E8,1.6639688E8,9.34146224E7,3.76124592E7
1000000,101982,9290662.4,1.709861968E8,1.66413864E8,9.34127888E7,3.76149104E7
1000000,209458,1.74273744E7,1.764803008E8,1.710872544E8,9.80037632E7,4.2103552E7
1000000,128134,1.26965872E7,1.710194768E8,1.664225088E8,9.79530128E7,3.76126912E7
1000000,83345,9106924.8,1.709653904E8,1.66424336E8,9.34053312E7,3.7592912E7
1000000,119652,9055059.2,1.709720048E8,1.664280992E8,9.40165184E7,3.7611704E7
1000000,63005,4563844.8,1.714389936E8,1.661716496E8,9.53606192E7,3.54751472E7
1000000,63061,4540520.0,1.708800528E8,1.664105184E8,9.33761056E7,3.761248E7
1000000,186053,1.41376128E7,1.671214288E8,1.631322528E8,8.94802816E7,2.53655536E7
1000000,158768,1.35724896E7,1.744248128E8,1.69457056E8,9.77111008E7,4.21155904E7
1000000,84732,9077657.6,1.707386112E8,1.663949328E8,9.34100656E7,3.76059872E7
1000000,190483,1.4081544E7,1.75586064E8,1.710982368E8,9.80158912E7,4.2109976E7
1000000,139945,1.37104992E7,1.710233856E8,1.665385808E8,9.7947608E7,3.75873136E7
1000000,91747,9075072.0,1.625136928E8,1.58260976E8,8.51632208E7,2.08242144E7
1000000,221809,1.82835712E7,1.752963888E8,1.710547024E8,9.80097152E7,4.2104184E7
1000000,105729,1.27434608E7,1.710369056E8,1.66409592E8,9.55126528E7,3.80838048E7
1000000,139421,1.2794736E7,1.713025808E8,1.6704804E8,9.79670768E7,3.75567744E7
1000000,162827,1.3828064E7,1.755856352E8,1.713450416E8,9.82744352E7,4.20768416E7
1000000,65362,8200932.8,1.710088752E8,1.66439352E8,9.33716832E7,3.76103376E7
1000000,103439,9291369.6,1.711469232E8,1.663907056E8,9.34136752E7,3.76121312E7
1000000,60074,4563902.4,1.70966552E8,1.664271792E8,9.54810768E7,3.55143232E7
1000000,37165,4563652.8,1.663619056E8,1.652143184E8,9.33287168E7,3.754672E7
1000000,68915,8157328.0,1.705886E8,1.663572864E8,9.34098368E7,3.76117488E7
1000000,202045,1.75452368E7,1.754744912E8,1.711121968E8,9.79697568E7,4.21016736E7
1000000,42545,4559926.4,1.663466016E8,1.663605488E8,9.09721616E7,3.65067152E7
1000000,194026,1.56004016E7,1.752784352E8,1.710784112E8,9.83983936E7,4.2102464E7
1000000,105517,9335764.8,1.710121104E8,1.66433592E8,9.54766016E7,3.80824688E7
1000000,180572,1.72753632E7,1.758403904E8,1.710600768E8,9.84378112E7,4.21037328E7
1000000,148868,1.38042656E7,1.671398064E8,1.580495568E8,8.55438816E7,2.08220736E7
1000000,246253,2.02379232E7,1.696292256E8,1.629685152E8,9.28747408E7,2.53634768E7
1000000,67617,8180297.6,1.70897416E8,1.6641312E8,9.55089568E7,3.54905696E7
1000000,187345,1.7434544E7,1.684753712E8,1.634638784E8,8.95233824E7,2.53668384E7
1000000,221824,1.83317424E7,1.768793568E8,1.717226384E8,9.8027648E7,4.21167568E7
1000000,195018,1.57720976E7,1.756386688E8,1.710958E8,9.84242384E7,4.20775584E7
1000000,86398,1.27160784E7,1.710102736E8,1.664283072E8,9.3383904E7,3.76116512E7
1000000,124494,1.08442944E7,1.71260024E8,1.670833568E8,9.33792432E7,3.76111904E7
1000000,67311,8194705.6,1.709742384E8,1.664009424E8,9.5568792E7,3.54967568E7
1000000,61381,4549654.4,1.624707728E8,1.578800432E8,8.69980576E7,1.87249168E7
1000000,221246,1.8280896E7,1.752297008E8,1.71056104E8,9.80011808E7,4.2105552E7
1000000,241333,1.8490664E7,1.770647104E8,1.710889504E8,9.80105392E7,4.21040688E7
1000000,190297,1.72870144E7,1.77254744E8,1.720689056E8,9.80230896E7,4.21090704E7
1000000,20974,4546729.6,1.664373056E8,1.617695424E8,9.09154512E7,3.40619008E7
1000000,68451,8171516.8,1.709284848E8,1.664178544E8,9.3382928E7,3.75550752E7
1000000,22922,4563728.0,1.663608112E8,1.617703872E8,9.33330816E7,3.76001392E7
1000000,80458,9186584.0,1.710323664E8,1.66389144E8,9.55093744E7,3.58601712E7
1000000,119630,9103204.8,1.711033792E8,1.662567312E8,9.3841368E7,3.76135968E7
1000000,245649,2.17947024E7,1.801570096E8,1.709751088E8,9.830168E7,4.21051376E7
1000000,168277,1.41166224E7,1.756361648E8,1.71123432E8,9.8007016E7,4.20907264E7
1000000,175611,1.41724016E7,1.772638208E8,1.711989712E8,9.8981728E7,4.21056976E7
1000000,74863,9179763.2,1.714800032E8,1.66620344E8,9.34387296E7,3.76089984E7
1000000,108126,1.273056E7,1.709348176E8,1.67068968E8,9.55156464E7,3.806048E7
1000000,137173,1.2719624E7,1.709753392E8,1.664218448E8,9.79499616E7,3.76115152E7
1000000,87747,9084984.0,1.70967016E8,1.664240544E8,9.54807808E7,3.58590944E7
1000000,103243,9289547.2,1.709714784E8,1.66839896E8,9.55166048E7,3.8031248E7
1000000,247267,2.03686896E7,1.798870416E8,1.713486496E8,1.02564168E8,4.21055152E7
1000000,165410,1.38612976E7,1.756944928E8,1.710835248E8,9.96101088E7,4.21068272E7
1000000,123978,1.27440448E7,1.71020136E8,1.669454464E8,9.34209408E7,3.76128352E7
1000000,154180,1.36470208E7,1.755976128E8,1.664469392E8,9.7960608E7,4.21528352E7
1000000,18396,8188296.0,1.663738048E8,1.6177868E8,9.08824512E7,3.40622272E7
1000000,117587,9080068.8,1.620499344E8,1.57760424E8,8.70048528E7,2.07988032E7
1000000,56633,4548222.4,1.709630752E8,1.663303824E8,9.55033344E7,3.55143312E7
1000000,132690,1.2778896E7,1.710503216E8,1.665399792E8,9.42717824E7,3.7609752E7
1000000,24358,4559384.0,1.6635832E8,1.617756848E8,9.33219888E7,3.7604952E7
1000000,198854,1.7804272E7,1.75276656E8,1.712337072E8,9.90266416E7,4.21065648E7
1000000,37117,4560569.6,1.66351024E8,1.65809336E8,9.451692E7,3.74580512E7
1000000,103526,1.25106912E7,1.700499168E8,1.662883264E8,9.3400928E7,3.76111456E7
1000000,172210,1.41536256E7,1.765942064E8,1.71097808E8,9.80263216E7,4.21062304E7
1000000,11426,4571145.6,1.664329168E8,1.617789168E8,9.33519616E7,3.75816832E7
1000000,242443,1.9969608E7,1.785585584E8,1.709534896E8,1.013880144E8,4.21051824E7
1000000,172273,1.41139024E7,1.756340144E8,1.710532672E8,9.8016624E7,4.21051072E7
1000000,107534,9338086.4,1.710344432E8,1.66629248E8,9.33621328E7,3.76095232E7
1000000,114368,1.26699472E7,1.715995984E8,1.665134016E8,9.59256224E7,3.8084112E7
1000000,34356,4559500.8,1.663711024E8,1.642484752E8,9.0555456E7,3.40462768E7
1000000,190382,1.5635E7,1.75587216E8,1.71025368E8,9.80032192E7,4.21173536E7
1000000,9219,4536227.2,1.663496192E8,1.617674544E8,9.09160656E7,3.54474112E7
1000000,191190,1.55740272E7,1.76998752E8,1.717075744E8,9.80237552E7,4.21061968E7
1000000,62656,4563598.4,1.71052544E8,1.664094208E8,9.55157552E7,3.54347792E7
1000000,78714,9139784.0,1.7097404E8,1.664312816E8,9.54741184E7,3.58583552E7
1000000,189638,1.41415376E7,1.752592496E8,1.710706816E8,9.8008592E7,4.21038672E7
1000000,104850,9299380.8,1.714515104E8,1.664328992E8,9.34137728E7,3.75879472E7
1000000,5537,3643265.6,1.663798208E8,1.61756272E8,9.36964E7,3.29893472E7
1000000,48186,4560547.2,1.622822512E8,1.577866848E8,8.2472264E7,1.96940624E7
1000000,98145,1.27170096E7,1.709016032E8,1.664042656E8,9.3378576E7,3.76104256E7
1000000,80333,1.31595616E7,1.709604256E8,1.664062256E8,9.34998976E7,3.76123648E7
1000000,238355,1.81600528E7,1.76252752E8,1.715848688E8,9.80200944E7,4.21052096E7
1000000,156463,1.3793032E7,1.757614672E8,1.6712964E8,9.79234656E7,4.21514352E7
1000000,43796,4563643.2,1.663782272E8,1.663509104E8,9.34090752E7,3.7587472E7
1000000,161600,1.38318608E7,1.745456912E8,1.69679856E8,9.51260352E7,4.21166624E7
500000,458492,3.04999536E7,1.627331904E8,1.5259976E8,9.0791592E7,3.29360144E7
500000,137309,9075265.6,1.4859528E8,1.392231104E8,8.02251696E7,2.0289936E7
500000,263392,1.97557232E7,1.527569232E8,1.447135584E8,8.47110384E7,2.6229744E7
500000,104119,9052292.8,1.440653808E8,1.391615344E8,7.86928016E7,2.0738272E7
500000,225231,1.71853072E7,1.4976696E8,1.442677664E8,8.2268936E7,2.31670416E7
500000,233694,1.730996E7,1.52935216E8,1.43875392E8,8.25400832E7,2.31487344E7
500000,140842,9065150.4,1.48347968E8,1.3931608E8,8.00607536E7,2.07353552E7
500000,266563,2.16328976E7,1.526559984E8,1.43672568E8,8.63268784E7,2.4598496E7
500000,176227,1.37680928E7,1.492680784E8,1.421412224E8,8.46351744E7,2.17047376E7
500000,262696,2.16448368E7,1.527784032E8,1.440399808E8,8.61256768E7,2.46028464E7
500000,486662,3.41416864E7,1.638285376E8,1.506982E8,9.1442832E7,3.29294272E7
500000,234016,1.37304592E7,1.53042496E8,1.438895904E8,8.22341488E7,2.31666656E7
500000,465684,3.0650952E7,1.613953568E8,1.53109248E8,9.10801824E7,3.2936048E7
500000,67721,8153996.8,1.440326496E8,1.382270288E8,8.00849264E7,2.07116064E7
500000,171972,1.81449408E7,1.499038336E8,1.41052136E8,8.50513552E7,2.17001248E7
500000,39376,4541883.2,1.437184E8,1.345848896E8,8.1014208E7,1.7239768E7
500000,493659,3.40986864E7,1.641206512E8,1.511880832E8,9.14344448E7,3.2927816E7
500000,45490,4545790.4,1.438398368E8,1.346090624E8,7.99822912E7,2.07295264E7
500000,497323,3.4201896E7,1.646952272E8,1.53210272E8,9.15186576E7,3.29370288E7
500000,75324,8167147.2,1.438919888E8,1.394183408E8,8.00912448E7,2.07181952E7
500000,185225,1.38250896E7,1.481529488E8,1.438125568E8,8.46499632E7,2.17033424E7
500000,417776,2.88203792E7,1.594002496E8,1.518178528E8,9.14702016E7,3.32598336E7
500000,497082,3.0916752E7,1.627195936E8,1.531374624E8,9.24774656E7,3.29371536E7
500000,249626,2.31973504E7,1.545533328E8,1.454003744E8,8.47250112E7,2.62345056E7
500000,354871,2.26386256E7,1.551391152E8,1.490182992E8,8.92979936E7,2.6239416E7
500000,389869,2.52690752E7,1.599261232E8,1.505279712E8,9.08298672E7,2.84049696E7
500000,407218,2.88888512E7,1.598143856E8,1.5071076E8,9.0752048E7,3.29329952E7
500000,479527,3.39235824E7,1.645067248E8,1.507252352E8,9.07620256E7,3.29305424E7
500000,316602,2.18990032E7,1.545227584E8,1.476300176E8,8.9207296E7,2.62373488E7
500000,68102,4541190.4,1.440248064E8,1.391498448E8,8.00638816E7,2.07359824E7
500000,442134,3.01998896E7,1.61888576E8,1.505235488E8,9.2436928E7,3.2929264E7
500000,375924,2.55693888E7,1.600886576E8,1.507561936E8,9.14760448E7,2.84026176E7
500000,300126,2.38321776E7,1.530471856E8,1.4388688E8,8.51005568E7,2.62244208E7
500000,437912,3.239364E7,1.609656064E8,1.516456832E8,9.19207552E7,3.29318288E7
500000,313618,2.1908408E7,1.545207376E8,1.475781728E8,8.92720096E7,2.623824E7
500000,277764,1.85833664E7,1.554477104E8,1.439393792E8,8.61324128E7,2.62267072E7
500000,85765,9407731.2,1.437686016E8,1.391468864E8,8.00824016E7,2.07176688E7
500000,581,3633486.4,1.391018144E8,1.344828528E8,7.99785408E7,1.62164688E7
500000,422568,3.00017632E7,1.599597808E8,1.511883824E8,9.168904E7,3.32846704E7
500000,261719,1.9767056E7,1.530620576E8,1.448954976E8,8.47028784E7,2.65366128E7
500000,136537,1.26851056E7,1.490207984E8,1.39235112E8,8.03464928E7,2.07350576E7
500000,124969,9132833.6,1.483317392E8,1.391982608E8,8.00973776E7,2.07314368E7
500000,388228,2.5063864E7,1.592194048E8,1.494123776E8,9.14575408E7,3.242784E7
500000,35669,4541707.2,1.437179904E8,1.345620656E8,8.10336864E7,1.7267192E7
500000,436216,3.01700384E7,1.612823584E8,1.520356176E8,9.2477912E7,3.29542176E7
500000,450766,3.0440032E7,1.635217984E8,1.50738968E8,9.14879968E7,3.29308784E7
500000,37377,4540553.6,1.438144336E8,1.345678912E8,7.99858976E7,2.07212672E7
500000,66956,4526848.0,1.436151312E8,1.391294048E8,8.00807728E7,2.07176112E7
500000,36904,4542492.8,1.436891328E8,1.345486224E8,7.99856816E7,2.0721336E7
500000,161553,1.32481808E7,1.480088E8,1.401230464E8,8.55631232E7,2.16964464E7
500000,384008,2.50872416E7,1.590004E8,1.506399744E8,9.1468152E7,2.84066336E7
500000,144963,9059427.2,1.484420848E8,1.3958164E8,8.00693072E7,2.07296752E7
500000,257242,1.84489904E7,1.531299808E8,1.456901856E8,8.46730544E7,2.62272864E7
500000,228939,1.72140496E7,1.529634464E8,1.43868288E8,8.22629776E7,2.31497104E7
500000,382064,2.51247488E7,1.58578936E8,1.50736152E8,8.85482848E7,2.8405016E7
500000,436202,2.9767848E7,1.6097324E8,1.513523248E8,9.19207072E7,3.29375296E7
500000,332565,2.69433072E7,1.576684736E8,1.485229264E8,8.64970256E7,2.62376624E7
500000,150183,1.26794E7,1.484424592E8,1.39211056E8,8.00869456E7,2.07360784E7
500000,234237,1.37113072E7,1.52091208E8,1.433277808E8,8.61177968E7,2.63788336E7
500000,10431,8313721.6,1.389836304E8,1.344851872E8,8.00062304E7,1.72940912E7
500000,163733,1.30764848E7,1.47978752E8,1.391856384E8,8.117948E7,2.17080208E7
500000,84687,9401236.8,1.43750512E8,1.396102608E8,8.2140248E7,1.96869824E7
500000,377635,2.50515008E7,1.581149968E8,1.504692992E8,8.85484144E7,2.84020832E7
500000,135861,1.268792E7,1.483129984E8,1.394130752E8,8.0100592E7,1.99737792E7
500000,234960,1.37133616E7,1.526023216E8,1.438670528E8,8.51093216E7,2.62242608E7
500000,115224,9142092.8,1.483430976E8,1.393279296E8,8.34792864E7,1.99705376E7
500000,42287,4541521.6,1.436642736E8,1.34567296E8,8.1024976E7,1.72636352E7
500000,73659,4858132.8,1.436056256E8,1.395677568E8,8.0094608E7,2.07125856E7
500000,100807,1.26874784E7,1.436417104E8,1.39143296E8,8.00540656E7,2.07373728E7
500000,329643,2.61224736E7,1.570915904E8,1.45908416E8,8.91937456E7,2.62253856E7
500000,361503,2.62559088E7,1.579562864E8,1.482459824E8,9.14588384E7,2.839596E7
500000,412052,2.87542192E7,1.624763232E8,1.505762416E8,9.15123984E7,2.87400112E7
500000,248994,2.31942608E7,1.545160224E8,1.445504128E8,8.67997936E7,2.46105808E7
500000,174563,1.81174752E7,1.488056048E8,1.428962496E8,8.56068752E7,2.17028944E7
500000,169919,1.3776816E7,1.483330432E8,1.401355888E8,8.55545888E7,2.16971088E7
500000,432917,3.23020752E7,1.61493008E8,1.51210984E8,9.19105088E7,3.32545424E7
500000,5961,3636320.0,1.391679136E8,1.345170432E8,7.99759744E7,1.62139888E7
500000,13780,4530604.8,1.390072832E8,1.344832448E8,8.0005432E7,1.72570832E7
500000,139145,1.26425984E7,1.483532576E8,1.39207912E8,8.008588E7,2.02760096E7
500000,302687,2.22499648E7,1.55270944E8,1.464418112E8,8.51698032E7,2.62336016E7
500000,20941,4541849.6,1.400865344E8,1.344985616E8,8.00008288E7,1.72463664E7
500000,138245,8997419.2,1.48193536E8,1.39387136E8,8.01720944E7,2.02934176E7
500000,232936,1.7370656E7,1.527174256E8,1.438064192E8,8.60750224E7,2.62253776E7
500000,304507,2.17409568E7,1.54567224E8,1.447564672E8,8.56598608E7,2.62306992E7
500000,272630,1.86664704E7,1.530091664E8,1.438739296E8,8.46920288E7,2.46273136E7
500000,363256,2.44062448E7,1.573290896E8,1.489117424E8,8.79030672E7,2.84234368E7
500000,322436,2.18760848E7,1.535434208E8,1.475056512E8,8.92617824E7,2.62303888E7
500000,185080,1.84062688E7,1.483993472E8,1.429392496E8,8.46437808E7,2.16999728E7
500000,359893,2.62479984E7,1.556646096E8,1.457310128E8,8.9206784E7,2.62280944E7
500000,241669,1.74879472E7,1.508077216E8,1.438604944E8,8.46623104E7,2.62211472E7
500000,199487,1.37487136E7,1.483251536E8,1.438109024E8,8.30137744E7,2.20291632E7
500000,71562,4862028.8,1.441888496E8,1.391565424E8,8.21875584E7,1.96635536E7
500000,283169,2.17045168E7,1.543191472E8,1.438630576E8,8.62962464E7,2.62265824E7
500000,258274,2.25245456E7,1.51466272E8,1.44537056E8,8.61351184E7,2.46100496E7
500000,130155,1.30976624E7,1.483583312E8,1.392431232E8,8.00507296E7,2.073504E7
500000,276371,2.23872032E7,1.550848848E8,1.438408224E8,8.60912704E7,2.62250592E7
500000,217264,1.35966176E7,1.493248352E8,1.438732448E8,8.38395376E7,2.31670128E7
500000,294550,1.86798896E7,1.558546528E8,1.438454464E8,8.46941584E7,2.5721856E7
500000,354665,2.6269736E7,1.583254176E8,1.485362768E8,8.63541744E7,2.6240792E7
500000,186105,1.84290528E7,1.494012656E8,1.431741152E8,8.22638784E7,2.17021072E7
250000,499787,2.76847424E7,1.402419104E8,1.2867572E8,8.20241712E7,3.18939744E7
250000,960387,4.95150464E7,1.623705008E8,1.458289616E8,9.70930144E7,4.14422304E7
250000,949216,4.93827008E7,1.628180384E8,1.45507928E8,9.79919792E7,4.14233472E7
250000,697794,3.85414352E7,1.49922904E8,1.37139304E8,8.98442496E7,3.68377376E7
250000,658570,3.65681424E7,1.493522928E8,1.329820624E8,8.81212832E7,3.67222624E7
250000,938542,4.93588752E7,1.623160944E8,1.45287736E8,9.40170928E7,4.14470048E7
250000,808870,3.97353104E7,1.529057216E8,1.370509776E8,8.98982832E7,3.61445856E7
250000,287613,1.71907856E7,1.314766128E8,1.220920064E8,8.0019024E7,2.51777456E7
250000,241333,1.7533072E7,1.298761664E8,1.170000832E8,7.96385936E7,2.30634912E7
250000,998032,5.1584992E7,1.62718648E8,1.474958048E8,9.841152E7,4.14543344E7
250000,29482,8162537.6,1.207783728E8,1.115416768E8,7.31129776E7,1.72291056E7
250000,857553,4.47985792E7,1.600433936E8,1.450668752E8,9.38483328E7,4.10478224E7
250000,623784,3.61913936E7,1.45445384E8,1.329221808E8,8.80739936E7,3.22246944E7
250000,40685,8122836.8,1.206040432E8,1.114907376E8,7.28207536E7,2.06737264E7
250000,900602,4.8939936E7,1.600824128E8,1.464116192E8,9.72900656E7,4.14272E7
250000,632249,3.62169968E7,1.462825712E8,1.338157424E8,8.6589152E7,3.64325776E7
250000,560106,2.79636128E7,1.445519808E8,1.327006016E8,8.90034352E7,3.19020736E7
250000,63906,8126702.4,1.206310368E8,1.114968928E8,7.52220608E7,1.82951264E7
250000,945180,4.64384688E7,1.6089096E8,1.454009936E8,9.76841664E7,4.14411184E7
250000,381381,2.28773776E7,1.371109328E8,1.254953664E8,8.00439952E7,2.76674992E7
250000,855294,4.7701232E7,1.584610416E8,1.449400608E8,9.3840472E7,4.14213648E7
250000,255090,1.76264144E7,1.315818816E8,1.206303088E8,7.73222272E7,2.51919072E7
250000,145522,1.26089456E7,1.250212224E8,1.163349888E8,7.552804E7,2.13220848E7
250000,750300,3.83947136E7,1.522562384E8,1.367235216E8,9.05580368E7,3.6541472E7
250000,670495,3.6565664E7,1.4759736E8,1.354754704E8,8.80138224E7,3.67593184E7
250000,274132,1.71714304E7,1.302763936E8,1.202087856E8,8.0160368E7,2.51767056E7
250000,885299,4.82973584E7,1.60390008E8,1.445486256E8,9.75340768E7,4.14181552E7
250000,667868,3.662516E7,1.48360552E8,1.338610256E8,8.7547232E7,3.69840016E7
250000,607111,3.28406416E7,1.475294832E8,1.32253344E8,8.75241696E7,3.64297728E7
250000,319057,1.4526472E7,1.300979728E8,1.210230928E8,7.99711808E7,2.51722528E7
250000,610497,3.59995744E7,1.458910896E8,1.32424096E8,8.83755968E7,3.230336E7
250000,89993,8133049.6,1.20641648E8,1.114752368E8,7.41431056E7,1.82816688E7
250000,375777,2.18292928E7,1.354923904E8,1.24104552E8,8.33384848E7,2.7942352E7
250000,154407,1.26125904E7,1.250859008E8,1.160039264E8,7.50682496E7,2.06754944E7
250000,905112,4.8858184E7,1.6085232E8,1.455919168E8,9.42367296E7,4.14430368E7
250000,344448,2.26881376E7,1.345865664E8,1.223048192E8,7.99608096E7,2.51827264E7
250000,636142,3.27734144E7,1.478707296E8,1.319919376E8,8.660572E7,3.24621168E7
250000,200185,1.26481696E7,1.266189968E8,1.16154112E8,7.722628E7,2.10816128E7
250000,443086,2.31734112E7,1.393385728E8,1.264607664E8,8.24505264E7,2.73761936E7
250000,918724,4.91482992E7,1.616025136E8,1.464298608E8,9.6231344E7,4.1447504E7
250000,369142,1.87636512E7,1.346046448E8,1.229518432E8,8.01158864E7,2.76644336E7
250000,450555,2.31633136E7,1.403215568E8,1.243859104E8,8.40620432E7,2.73650528E7
250000,43725,4516830.4,1.204473712E8,1.114749008E8,7.33271264E7,1.72268208E7
250000,371560,2.07652672E7,1.353249216E8,1.239904944E8,8.32100928E7,2.79377648E7
250000,862973,4.77077936E7,1.603243936E8,1.446721584E8,9.38064448E7,4.12458096E7
250000,710813,3.91395552E7,1.500208688E8,1.349077696E8,8.87174688E7,3.644592E7
250000,791175,3.9485752E7,1.523072816E8,1.360555616E8,8.82683744E7,3.68445536E7
250000,724097,3.84455232E7,1.489414816E8,1.368721792E8,8.91203664E7,3.6515072E7
250000,137531,1.3279096E7,1.252859552E8,1.160497968E8,7.27340048E7,2.06608896E7
250000,484268,2.43020496E7,1.404813072E8,1.259896016E8,8.10827008E7,3.18735904E7
250000,926534,4.91063296E7,1.608347056E8,1.462274048E8,9.62143776E7,4.14529792E7
250000,582074,3.16043952E7,1.453895056E8,1.323558304E8,8.5307504E7,3.19260432E7
250000,418941,2.61762384E7,1.364181968E8,1.235453264E8,8.39281888E7,2.73434512E7
250000,474544,2.43766576E7,1.400945936E8,1.250713312E8,8.503856E7,2.73685184E7
250000,982026,4.6219928E7,1.624384672E8,1.45757024E8,9.49184432E7,4.14501008E7
250000,765216,3.59318464E7,1.50513464E8,1.354659952E8,9.06763968E7,3.65125008E7
250000,988595,4.99631968E7,1.625560576E8,1.466505136E8,9.49135616E7,4.14229728E7
250000,556824,2.80335616E7,1.460060608E8,1.332937136E8,8.8170776E7,3.19884704E7
250000,380462,2.28428576E7,1.362718144E8,1.24330224E8,8.1879416E7,2.79391616E7
250000,175815,1.25984368E7,1.25097912E8,1.16898992E8,7.81964928E7,2.06858512E7
250000,523556,2.45378224E7,1.392626896E8,1.276354336E8,8.47303168E7,3.18765024E7
250000,668419,3.63814816E7,1.47724528E8,1.351549808E8,8.75722864E7,3.70739472E7
250000,435461,2.62936672E7,1.380282288E8,1.27479648E8,8.4120512E7,2.77022272E7
250000,329828,2.0357032E7,1.343048944E8,1.216804928E8,7.97348688E7,2.51529328E7
250000,708728,3.8307312E7,1.494841024E8,1.366191072E8,8.87767728E7,3.68321072E7
250000,942641,4.93867072E7,1.612644352E8,1.45600016E8,9.77104048E7,4.14420144E7
250000,527408,2.83550944E7,1.391899616E8,1.280073792E8,8.4139336E7,3.18807536E7
250000,606666,3.59782848E7,1.479380224E8,1.334162784E8,8.75562192E7,3.641612E7
250000,790890,3.94201328E7,1.52424184E8,1.371155632E8,9.12276176E7,3.64528992E7
250000,105192,8139030.4,1.208367376E8,1.1152016E8,7.17809568E7,1.96510144E7
250000,830310,4.40789056E7,1.57627712E8,1.428658128E8,9.53228448E7,4.1048256E7
250000,210484,1.2665832E7,1.266862592E8,1.160939856E8,7.78772208E7,2.13026E7
250000,331770,1.80591984E7,1.337225952E8,1.216016128E8,7.97495168E7,2.5179504E7
250000,904819,4.8722016E7,1.597593408E8,1.450486816E8,9.3537208E7,4.1427144E7
250000,895450,4.93999072E7,1.596696128E8,1.431171216E8,9.7108984E7,4.14312448E7
250000,451401,2.3307344E7,1.39161008E8,1.265638752E8,8.33225152E7,2.73742848E7
250000,337851,1.8094936E7,1.314327296E8,1.210150288E8,7.850168E7,2.51901744E7
250000,101593,8105692.8,1.204872384E8,1.114155104E8,7.27962256E7,2.06750496E7
250000,4451,3618214.4,1.20407904E8,1.069386416E8,7.31083792E7,1.61834464E7
250000,778156,3.57054208E7,1.515881392E8,1.357192336E8,9.11697408E7,3.65114144E7
250000,519546,2.4553992E7,1.401135568E8,1.28718384E8,8.46931168E7,3.18836832E7
250000,300253,1.71340336E7,1.297227312E8,1.205840912E8,7.73097664E7,2.51711376E7
250000,3838,3607078.4,1.17669856E8,1.06873032E8,7.27559552E7,1.61753728E7
250000,667014,3.39109872E7,1.475901888E8,1.36534728E8,8.77304768E7,3.65339952E7
250000,330463,2.19518496E7,1.3446572E8,1.218867456E8,7.8308056E7,2.5196032E7
250000,654112,3.23651408E7,1.468344112E8,1.330035424E8,8.87161296E7,3.70016352E7
250000,124700,1.3272832E7,1.25519544E8,1.116464976E8,7.29137968E7,2.0703504E7
250000,321466,2.18131888E7,1.341572928E8,1.219544864E8,7.829004E7,2.51950128E7
250000,99074,8108670.4,1.204615952E8,1.114349008E8,7.28108752E7,2.0676352E7
250000,215814,1.29595488E7,1.28045448E8,1.157982368E8,7.79988512E7,2.5168936E7
250000,954767,4.62704992E7,1.614686944E8,1.459958128E8,9.7252048E7,4.142624E7
250000,811326,4.3645768E7,1.59201592E8,1.433359392E8,9.2715296E7,4.19372256E7
250000,354629,2.26769808E7,1.336866272E8,1.206555616E8,8.1426936E7,2.5585792E7
250000,444716,2.37414032E7,1.40023344E8,1.27608824E8,8.41156832E7,2.73742432E7
250000,572797,2.7922304E7,1.467323472E8,1.324156048E8,8.92708512E7,3.19696208E7
250000,35151,8141451.2,1.206405824E8,1.114736256E8,7.28125408E7,2.06917584E7
250000,177204,1.260908E7,1.247926176E8,1.175660864E8,7.81855808E7,2.06883024E7
250000,189741,1.25341856E7,1.261277024E8,1.158981792E8,7.80330448E7,2.17098064E7
250000,523307,2.81366272E7,1.393510432E8,1.2756184E8,8.44258672E7,3.18783424E7
250000,697653,3.8241152E7,1.489639008E8,1.354630624E8,8.9393768E7,3.68278144E7
100000,437711,1.68750048E7,1.104009888E8,9.838608E7,6.89246736E7,1.73760608E7
100000,323596,1.36061264E7,1.038584512E8,9.07526768E7,6.43872288E7,1.39674528E7
100000,281189,1.36277344E7,1.039182272E8,8.9362304E7,6.77572992E7,1.39731248E7
100000,443750,1.7758152E7,1.094542752E8,9.57311808E7,7.0338992E7,2.06663664E7
100000,1019696,3.3277728E7,1.361301792E8,1.176631088E8,8.11006352E7,2.77282736E7
100000,1180243,3.85834336E7,1.390914064E8,1.224436656E8,8.16276112E7,3.22798288E7
100000,611267,2.07221936E7,1.168226992E8,1.023568736E8,7.04700288E7,2.0561376E7
100000,2377450,7.16733184E7,1.891700368E8,1.691728512E8,1.0237988E8,5.27587968E7
100000,927614,3.26876032E7,1.312995008E8,1.145571376E8,7.74759392E7,2.79534976E7
100000,1135024,3.74258688E7,1.373551056E8,1.221298064E8,7.79198464E7,2.7673616E7
100000,1906295,6.48924304E7,1.76517944E8,1.586341056E8,1.00452224E8,4.99767712E7
100000,2374759,7.36503648E7,1.891941456E8,1.69097456E8,1.026919936E8,5.21164592E7
100000,2160012,7.07854896E7,1.82708472E8,1.633778944E8,1.01576968E8,5.1329512E7
100000,2137581,7.0767096E7,1.83704376E8,1.629376544E8,1.016180912E8,5.13439584E7
100000,2453935,6.8234688E7,1.912141536E8,1.722687536E8,1.06708056E8,5.27924992E7
100000,108636,8216150.4,9.51345152E7,8.15291424E7,6.02474048E7,1.02801616E7
100000,823546,3.1674016E7,1.296670592E8,1.141993824E8,7.67237872E7,2.79548192E7
100000,1666443,5.07981312E7,1.601734976E8,1.402863376E8,9.19301344E7,3.75856016E7
100000,2360470,7.12149472E7,1.880422352E8,1.677139056E8,1.026500192E8,5.27531088E7
100000,1303784,4.39512064E7,1.509044064E8,1.3181996E8,9.019744E7,3.73389472E7
100000,92165,8158259.2,9.37602352E7,8.47397616E7,5.98164032E7,1.31161616E7
100000,1380668,4.62653248E7,1.509720672E8,1.336430688E8,8.68887664E7,3.73460032E7
100000,1287036,4.39606304E7,1.496848816E8,1.30241024E8,8.65445584E7,3.73320208E7
100000,561677,2.10294016E7,1.154498416E8,1.010784672E8,7.0407016E7,2.00738976E7
100000,322193,1.36019472E7,1.072728176E8,8.92418256E7,6.76152656E7,1.36717264E7
100000,1888618,6.41073024E7,1.772506624E8,1.571261696E8,1.03815656E8,5.04790848E7
100000,945005,3.3093032E7,1.316374288E8,1.18274504E8,7.80228624E7,2.8350088E7
100000,1905241,6.40590736E7,1.765795104E8,1.587767808E8,1.005770272E8,4.9990432E7
100000,1154795,3.49732688E7,1.360418096E8,1.211494464E8,7.8553464E7,2.77912448E7
100000,1610937,5.21992224E7,1.58051928E8,1.388122272E8,9.10466816E7,3.71614736E7
100000,1491150,4.67977456E7,1.546689136E8,1.361794528E8,8.75394992E7,3.73571536E7
100000,2276006,7.06446112E7,1.878942496E8,1.672716688E8,1.032535792E8,5.27537168E7
100000,1895403,6.1569048E7,1.769604304E8,1.586260624E8,1.002662944E8,5.06933728E7
100000,2415918,7.14843776E7,1.9041916E8,1.697490112E8,1.024876272E8,5.27700832E7
100000,509092,2.01020944E7,1.136150064E8,9.66455264E7,6.67432704E7,1.68917616E7
100000,393157,1.94426592E7,1.102693488E8,9.3494296E7,6.68061408E7,1.71722368E7
100000,1109119,3.3663416E7,1.369780672E8,1.215310672E8,7.79701456E7,2.76480896E7
100000,1449049,4.66434096E7,1.52715936E8,1.345678032E8,8.65499712E7,3.7352696E7
100000,104795,8138982.4,9.83572768E7,8.48107568E7,6.01183568E7,9905806.4
100000,2477600,7.3862944E7,1.913044272E8,1.715408736E8,1.065960224E8,5.2772632E7
100000,633028,2.41426752E7,1.17643216E8,1.04368576E8,7.08713792E7,2.05708432E7
100000,406515,1.40218272E7,1.11470736E8,9.49360336E7,7.01968448E7,1.78494656E7
100000,2137116,7.00057696E7,1.828179728E8,1.631266368E8,1.008705456E8,5.06419376E7
100000,954939,3.22131008E7,1.323153536E8,1.183400208E8,7.81551968E7,2.8345136E7
100000,1093615,3.12393552E7,1.356440512E8,1.18261528E8,7.79012576E7,2.76449728E7
100000,592802,2.15949056E7,1.167496624E8,1.0331072E8,7.02092272E7,2.05536496E7
100000,665370,2.64879888E7,1.193773104E8,1.044547552E8,7.49269152E7,2.49701776E7
100000,1442879,4.64621536E7,1.528023456E8,1.352542976E8,8.8337856E7,3.75616352E7
100000,435533,1.71806944E7,1.104062096E8,9.83912128E7,7.047492E7,1.73768256E7
100000,1165149,3.8572464E7,1.37486264E8,1.224052448E8,7.89068448E7,2.77814896E7
100000,493968,1.9935272E7,1.137251456E8,9.63723744E7,6.79666432E7,2.07999856E7
100000,260374,1.35772336E7,1.049491088E8,8.97081152E7,6.44710432E7,1.3338416E7
100000,1290144,4.49668496E7,1.489876736E8,1.305175248E8,8.56808624E7,3.73349376E7
100000,115709,4529793.6,9.88920144E7,8.48029872E7,6.0423176E7,1.04440848E7
100000,2167524,6.91891728E7,1.834395712E8,1.63405584E8,1.016452112E8,5.51848064E7
100000,1715143,5.23079408E7,1.612891984E8,1.410350336E8,8.82713904E7,4.19991968E7
100000,2388386,7.34806E7,1.900234768E8,1.694043184E8,1.027977616E8,5.2116016E7
100000,1804510,4.94397696E7,1.6392472E8,1.455967792E8,8.89995648E7,3.96284176E7
100000,977563,3.2233832E7,1.331309808E8,1.187698896E8,7.87451328E7,2.83678656E7
100000,1030171,3.31354208E7,1.331434368E8,1.193375936E8,7.7306456E7,2.76374112E7
100000,1189725,3.8584712E7,1.389163488E8,1.21355384E8,8.23015808E7,2.8833496E7
100000,1642970,5.007408E7,1.578592688E8,1.418902496E8,8.86521168E7,4.1689464E7
100000,1658871,5.02298576E7,1.583482144E8,1.404516944E8,8.92031504E7,3.75850048E7
100000,884816,3.17546832E7,1.327251024E8,1.15428464E8,8.07923344E7,2.79413264E7
100000,1594743,5.1684576E7,1.58154288E8,1.384391216E8,9.13004512E7,3.71659872E7
100000,664864,2.6675456E7,1.186941632E8,1.04788152E8,7.4921728E7,2.0485168E7
100000,2858,3608635.2,9.34791584E7,7.99783696E7,6.2005656E7,7794481.6
100000,1224632,4.21846752E7,1.464714352E8,1.302726752E8,8.96923216E7,3.619872E7
100000,183390,9097958.4,9.8582608E7,8.53909584E7,6.4331904E7,1.13828128E7
100000,1713027,5.1435416E7,1.604317344E8,1.425189168E8,8.824536E7,4.20138432E7
100000,1896911,6.12577248E7,1.777299904E8,1.591664752E8,1.008343552E8,5.04348528E7
100000,1682274,4.91345616E7,1.601383136E8,1.41311328E8,8.82417632E7,3.74802432E7
100000,1165282,3.7474968E7,1.387878496E8,1.23089296E8,7.96185952E7,2.779624E7
100000,1269785,4.19822992E7,1.480016288E8,1.2985424E8,8.59433344E7,3.61763056E7
100000,2188554,6.69581344E7,1.852161424E8,1.649152944E8,1.050648976E8,5.13267008E7
100000,2290460,7.0853968E7,1.871603968E8,1.661719984E8,1.058924112E8,5.2755648E7
100000,2139218,6.5349088E7,1.834532992E8,1.626401872E8,1.021745648E8,5.14810432E7
100000,2484643,7.21754768E7,1.918125168E8,1.721665856E8,1.05387896E8,5.27715536E7
100000,215506,9177313.6,9.90474592E7,8.5716184E7,6.58436768E7,1.2391352E7
100000,719081,2.45153472E7,1.215141136E8,1.054105488E8,7.52268736E7,2.24604928E7
100000,2140751,7.02460736E7,1.831108752E8,1.62237552E8,1.015247968E8,5.1219512E7
100000,2029723,6.52478384E7,1.79893072E8,1.59490696E8,1.046789936E8,5.20880608E7
100000,592321,2.18039104E7,1.172880992E8,1.0338744E8,7.2018936E7,2.05693568E7
100000,491209,1.98977408E7,1.124065056E8,9.56357072E7,7.05672448E7,1.68030208E7
100000,341969,1.03005664E7,1.069351536E8,8.99419408E7,6.50233616E7,1.440232E7
100000,173238,9055248.0,9.7949608E7,8.52506256E7,6.4103848E7,1.57399952E7
100000,2369685,7.16059072E7,1.901186848E8,1.691258576E8,1.026121392E8,5.21191616E7
100000,2018093,6.5308968E7,1.797785344E8,1.596100128E8,1.00140144E8,5.20905904E7
100000,594688,2.18058752E7,1.171649536E8,1.012349664E8,7.4202624E7,2.04855104E7
100000,488306,1.9911608E7,1.136341648E8,9.63010032E7,6.79671056E7,2.07857984E7
100000,1378319,4.30096496E7,1.507886224E8,1.343109024E8,8.61794048E7,3.75541088E7
100000,2364400,7.33540832E7,1.891063088E8,1.692727904E8,1.026075456E8,5.27765952E7
100000,1468017,4.91440736E7,1.530304544E8,1.368136304E8,8.74079344E7,3.7357136E7
100000,2267108,7.06504864E7,1.871657136E8,1.661762832E8,1.044120976E8,5.27521344E7
100000,159728,8204580.8,9.9250344E7,8.5552608E7,6.47471728E7,1.0286656E7
100000,1605737,5.06022176E7,1.572669104E8,1.391359696E8,9.1023344E7,3.71786912E7
100000,662231,2.60306352E7,1.185134384E8,1.047824896E8,7.49395312E7,2.0484112E7
100000,823254,3.14318336E7,1.297408208E8,1.14047712E8,7.73981104E7,2.73535824E7
100000,1542735,4.73443728E7,1.553886928E8,1.383600752E8,9.04150224E7,3.75891632E7
100000,661170,2.61529648E7,1.216343952E8,1.04406992E8,7.06075472E7,2.24673472E7
50000,4643607,1.101721152E8,1.870000368E8,1.868242496E8,1.401910608E8,8.86016E7
50000,4993363,1.144997456E8,1.99731832E8,1.919261232E8,1.410997104E8,9.14370976E7
50000,2998804,7.42192688E7,2.090513184E8,1.893500336E8,1.09329496E8,6.20872304E7
50000,3993411,7.89164112E7,2.37011608E8,2.161604624E8,1.1405968E8,6.27057344E7
50000,4453493,1.0867716E8,1.88046808E8,1.897233808E8,1.386946752E8,9.00534464E7
50000,1740323,3.83047712E7,1.52480968E8,1.340868656E8,7.93198608E7,3.04410144E7
50000,2119515,5.0031568E7,1.711221552E8,1.530742048E8,9.147888E7,4.54765728E7
50000,4037069,8.00926928E7,1.860657424E8,2.17247664E8,1.1508584E8,6.24509312E7
50000,1423375,3.23434512E7,1.441412768E8,1.247528896E8,7.88736784E7,2.8930768E7
50000,4292372,1.084071744E8,1.965399904E8,1.835627408E8,1.390072432E8,8.79994688E7
50000,3525237,7.54523488E7,1.49172912E8,2.036415008E8,1.129206672E8,6.20426096E7
50000,423226,1.07372896E7,1.01903984E8,8.85200368E7,6.0710952E7,1.26097392E7
50000,4182733,1.067453056E8,1.997431152E8,1.850366512E8,1.385929248E8,8.839024E7
50000,4923913,1.110699056E8,2.115608992E8,2.081865712E8,1.4055944E8,9.03068048E7
50000,1175511,2.49170016E7,1.279240416E8,1.1241176E8,7.18394448E7,2.15071264E7
50000,127461,2324547.2,8.91800832E7,7.52874272E7,5.76654064E7,5950886.4
50000,3110338,7.27628144E7,1.562746304E8,1.491566768E8,1.116228672E8,6.27072464E7
50000,3010952,7.11783248E7,1.55813816E8,1.495238832E8,7.85352E7,6.21686144E7
50000,191683,5986195.2,9.21690784E7,7.73825104E7,5.66097984E7,8093406.4
50000,1340714,3.26864576E7,8.62758912E7,1.054929008E8,7.95717504E7,2.92601296E7
50000,4483929,1.063174864E8,1.902266224E8,1.9118432E8,1.38497288E8,8.93540208E7
50000,2421565,5.02837872E7,1.106384912E8,1.606844576E8,9.16504816E7,4.542384E7
50000,2143133,4.98996896E7,1.050837168E8,1.01809432E8,9.13212352E7,4.45364608E7
50000,463775,1.1708984E7,1.034776336E8,8.81328512E7,6.27024016E7,1.16041264E7
50000,4086896,8.09014688E7,1.812524576E8,1.701473392E8,1.137955872E8,6.29649376E7
50000,535871,1.25191936E7,1.039970368E8,8.81156736E7,6.21863632E7,1.20464608E7
50000,3968624,7.89032432E7,1.868205872E8,1.711608896E8,1.133793568E8,6.35395072E7
50000,3277571,7.47212736E7,1.720198592E8,1.646379568E8,1.116956576E8,6.15995088E7
50000,3285355,7.43065648E7,1.66515648E8,1.542209216E8,1.117359808E8,6.10548928E7
50000,4197856,1.057694416E8,1.857711376E8,1.865345792E8,1.388694784E8,8.98844256E7
50000,2955980,7.1980024E7,1.570368912E8,1.488574464E8,1.109001424E8,6.052124E7
50000,95792,2475776.0,8.87878576E7,7.33214768E7,5.49981392E7,5257976.0
50000,4309815,1.059515408E8,2.114756576E8,1.984154592E8,1.394471056E8,8.90184032E7
50000,1035045,2.19127296E7,1.255264016E8,1.087969776E8,6.9855808E7,2.1108912E7
50000,3617564,7.76173568E7,1.672013104E8,1.563146528E8,1.121895264E8,6.21924192E7
50000,3016067,7.24466784E7,1.581280752E8,1.471656976E8,1.097392544E8,6.11160144E7
50000,181196,6720555.2,9.233236E7,7.69100752E7,5.87680048E7,6912726.4
50000,4299679,1.054892768E8,1.974954576E8,1.880115024E8,1.386985744E8,8.83510512E7
50000,1685565,3.63796048E7,1.487034368E8,1.326974096E8,8.07356736E7,3.23676304E7
50000,2231088,4.897112E7,1.34444944E8,1.563351312E8,9.18162544E7,4.19982976E7
50000,3352728,7.31276544E7,1.517064256E8,1.733016368E8,1.119008256E8,6.0882104E7
50000,2281811,4.86661408E7,1.751065488E8,1.57106272E8,9.1400256E7,4.2298888E7
50000,3254593,7.5234592E7,1.574289776E8,1.429008896E8,1.121884832E8,6.1709056E7
50000,2380366,5.03462864E7,1.335915456E8,1.602152576E8,9.39434672E7,4.24617696E7
50000,1230334,3.03398112E7,1.377794464E8,1.2238612E8,7.75819776E7,3.15686336E7
50000,2517789,5.13661264E7,1.283982496E8,1.63618456E8,9.448592E7,4.38335584E7
50000,1984285,4.69034768E7,1.678113008E8,1.501132064E8,9.28882832E7,4.17782928E7
50000,3128762,7.31571104E7,1.568615568E8,1.523291712E8,1.102456704E8,6.1190824E7
50000,77127,2410806.4,8.64991856E7,7.14676576E7,5.55691984E7,5168907.2
50000,4782947,1.103080848E8,1.951015664E8,2.067662592E8,1.39941792E8,8.95810304E7
50000,4908632,1.111402224E8,2.244737344E8,2.067123328E8,1.40245272E8,9.01588E7
50000,2640052,5.18676624E7,1.689772512E8,1.671434128E8,9.31776736E7,4.35145344E7
50000,2915998,7.30899888E7,1.33544184E8,1.905420464E8,1.1214408E8,6.09386608E7
50000,284211,5608070.4,9.46578384E7,8.04986048E7,5.93697712E7,8730240.0
50000,2136341,4.85705792E7,1.716348832E8,1.542426688E8,9.36802144E7,4.1708712E7
50000,441251,1.11720272E7,1.016669168E8,8.71250192E7,6.09604624E7,1.24286512E7
50000,441854,1.11570352E7,1.021520032E8,8.68775184E7,6.09547392E7,1.237404E7
50000,3677394,7.66175104E7,1.428928544E8,2.083648704E8,1.1160328E8,6.17269184E7
50000,3597553,7.83248512E7,1.59804888E8,2.057627952E8,1.123936336E8,6.20197488E7
50000,1071196,2.44488272E7,1.247556912E8,1.099378656E8,7.33573552E7,2.4821296E7
50000,3106644,7.34212448E7,1.968864352E8,1.95248672E8,1.104664016E8,6.16652928E7
50000,2926884,7.22469376E7,1.739258896E8,1.899211952E8,1.116027168E8,6.2381808E7
50000,497066,1.12976432E7,1.046214384E8,8.94485584E7,6.01659552E7,1.19948E7
50000,2383573,5.1064192E7,1.782091392E8,1.602422432E8,9.2564656E7,4.20250336E7
50000,873553,2.4184304E7,1.214203888E8,1.05603272E8,7.27436656E7,2.16055136E7
50000,898800,2.3966032E7,1.21195608E8,1.063375152E8,7.017776E7,2.05428016E7
50000,2344719,5.36382368E7,1.770464224E8,1.59397008E8,9.40113568E7,4.23993536E7
50000,2251028,5.010676E7,1.750241824E8,1.564474112E8,9.36654672E7,4.20297456E7
50000,1261696,3.25688032E7,1.38418496E8,1.22324992E8,8.07759568E7,2.98844224E7
50000,1234689,3.2122792E7,1.388647984E8,1.229897792E8,7.78751072E7,3.09407536E7
50000,4473324,1.081272912E8,2.026935584E8,1.922965392E8,1.395797008E8,9.18663152E7
50000,430806,9688792.0,1.019121392E8,8.66599024E7,6.040372E7,1.15446848E7
50000,4761763,1.095494896E8,2.150998624E8,2.031831776E8,1.404600784E8,8.96577712E7
50000,215201,3820963.2,9.17732112E7,7.7016968E7,5.92245728E7,7329504.0
50000,4643489,1.080119488E8,2.160275984E8,2.034296096E8,1.39158072E8,8.92285328E7
50000,1438097,3.389616E7,1.440450864E8,1.260068368E8,7.97494688E7,2.92314976E7
50000,594406,1.67561648E7,1.085234016E8,9.28165216E7,6.70745952E7,1.49022096E7
50000,4261130,1.060555808E8,1.952029216E8,1.849919968E8,1.37273672E8,9.03261824E7
50000,899787,2.29438208E7,1.213895312E8,1.054583456E8,7.0234072E7,2.07836672E7
50000,2898592,7.09669856E7,1.486951424E8,1.431002944E8,1.112780608E8,6.00757936E7
50000,4580463,1.0897808E8,1.816212384E8,2.05348232E8,1.395760032E8,8.98921216E7
50000,2473429,5.25424096E7,1.265433536E8,1.125382064E8,9.32624624E7,4.2733368E7
50000,2019468,4.7788936E7,1.169634576E8,1.525570944E8,9.11561936E7,4.1964656E7
50000,2697556,5.73698896E7,1.215991536E8,1.131958624E8,9.37337424E7,4.56130208E7
50000,4491454,1.068113232E8,1.949163168E8,1.846754784E8,1.400143248E8,8.90199792E7
50000,1413544,3.27960064E7,1.424184768E8,1.24722944E8,7.99357408E7,2.89917376E7
50000,66302,2414832.0,8.71699904E7,7.23026176E7,5.37213792E7,5011278.4
50000,1886251,4.78622064E7,1.044827344E8,1.00430816E8,9.1703944E7,4.1376936E7
50000,2081579,4.91535856E7,1.2262968E8,1.099927968E8,9.22973824E7,4.19335024E7
50000,3719981,7.81701824E7,1.648262848E8,1.606857872E8,1.128754736E8,6.19731024E7
50000,3933626,7.83089952E7,1.785465824E8,1.629769776E8,1.130843728E8,6.29082528E7
50000,4135033,1.035550864E8,1.93580248E8,1.95290056E8,1.38474168E8,8.80570592E7
50000,4848147,1.0862196E8,2.203487968E8,2.06174928E8,1.399476208E8,8.91195216E7
50000,873996,2.13340736E7,1.225951648E8,1.06415784E8,7.26510704E7,2.037852E7
50000,944187,2.23531104E7,1.233490912E8,1.061647152E8,7.20750304E7,2.36095776E7
50000,1227794,3.050676E7,1.3833444E8,1.219575776E8,7.76753424E7,3.1575E7
50000,4083824,7.88126432E7,1.747131344E8,1.656800336E8,1.13448768E8,6.31766816E7
50000,3482824,7.54000064E7,1.612984832E8,1.498507072E8,1.126543984E8,6.17333744E7
50000,2752133,7.06862208E7,1.371545984E8,1.29651296E8,1.107475744E8,6.238104E7
50000,2835043,7.01902384E7,1.524145184E8,1.372770992E8,1.106779376E8,5.97043456E7
10000,23790701,2.884131488E8,2.075879584E8,4.20031424E7,2.884856272E8,2.776232128E8
10000,11585425,1.870957296E8,4.038499728E8,3.6481812E8,2.225372816E8,1.717683952E8
10000,1253106,2.7570024E7,1.370570592E8,1.20970064E8,7.3834712E7,2.26778912E7
10000,13692352,1.869878448E8,4.485018496E8,4.320695328E8,2.227067728E8,1.748945504E8
10000,7095295,1.225582432E8,2.804942016E8,2.795393248E8,1.621559888E8,1.162476736E8
10000,5093125,8.196512E7,1.938766864E8,1.92553136E8,1.27110752E8,7.94140832E7
10000,5864940,8.3198336E7,2.387057744E8,2.225036016E8,1.270791936E8,7.92534096E7
10000,9762676,1.816150016E8,3.547618112E8,3.542082576E8,2.194242528E8,1.718197744E8
10000,15118951,2.244127536E8,5.56236016E8,5.357623408E8,1.502327184E8,1.491660496E8
10000,4681137,8.16901632E7,1.956809504E8,1.820746512E8,1.25209904E8,7.93745072E7
10000,13156855,1.878327136E8,4.462022688E8,4.229501616E8,2.225276032E8,1.741877024E8
10000,17748259,1.499843136E8,5.68928912E8,5.492945184E8,1.683007936E8,1.493777936E8
10000,17302130,1.502691792E8,6.01039736E8,5.277821968E8,1.546461248E8,1.493165904E8
10000,8727838,1.248157392E8,3.404761536E8,3.289194768E8,1.654524544E8,1.173335984E8
10000,23263013,2.79107672E8,8.065571984E8,4.423819584E8,2.837939376E8,2.738214288E8
10000,12122762,1.865443648E8,4.077571072E8,3.971296176E8,2.217377456E8,1.723633568E8
10000,15454205,1.750572256E8,5.655022368E8,5.560463872E8,1.680954992E8,1.490514112E8
10000,3135388,5.75311312E7,2.10722312E8,1.961555712E8,1.005370624E8,5.52740112E7
10000,23234172,2.798544944E8,7.867911392E8,4.427377856E8,2.837543536E8,2.737885632E8
10000,8566573,1.257964992E8,3.177748544E8,3.128034704E8,1.663130256E8,1.163417584E8
10000,3604623,5.64534496E7,2.228550336E8,2.055776816E8,9.9786104E7,5.47449584E7
10000,7173875,1.231011008E8,2.835885712E8,2.92908888E8,1.63593192E8,1.16241536E8
10000,6263130,1.226841008E8,2.858087408E8,2.720813936E8,1.627533744E8,1.162734144E8
10000,10098735,1.813876496E8,3.819589312E8,3.307577088E8,2.21636456E8,1.723861648E8
10000,18577599,2.010757056E8,5.875646784E8,5.722180672E8,1.682783856E8,1.493974736E8
10000,18484928,1.50281224E8,5.747925168E8,5.675632336E8,1.683768944E8,1.493823952E8
10000,24772504,2.811013696E8,8.263033392E8,3.01513248E7,2.886820064E8,2.783401552E8
10000,13805394,1.880271216E8,4.591611136E8,4.186242224E8,2.20872872E8,1.763797776E8
10000,15557311,1.748192704E8,5.03567904E8,5.607694608E8,1.680840576E8,1.491145104E8
10000,4093641,5.70435344E7,2.35019336E8,2.170493424E8,1.013510592E8,5.39095168E7
10000,7686567,1.255142416E8,3.179696768E8,3.05994048E8,1.645477152E8,1.159641072E8
10000,19057424,1.544357328E8,5.887488496E8,5.813605952E8,1.6831048E8,1.493966592E8
10000,20622899,1.55506128E8,6.246398E8,6.179294032E8,1.63676912E8,1.492675808E8
10000,23088369,2.799882688E8,7.819267488E8,7.108568496E8,2.838034768E8,2.737185168E8
10000,16100384,1.4993E8,5.698502288E8,5.601558512E8,1.49930656E8,1.492210896E8
10000,23695529,2.797745104E8,7.9690392E8,1.702788464E8,2.884459248E8,2.775350672E8
10000,6319371,1.211833552E8,2.850286848E8,2.749434128E8,1.634740112E8,1.162822064E8
10000,14655382,1.498301616E8,5.437204736E8,5.209506576E8,1.49968864E8,1.492688016E8
10000,4683034,8.1882064E7,1.842426128E8,1.693405696E8,1.264528288E8,7.92387888E7
10000,10080239,1.824920384E8,3.839697136E8,3.277447408E8,2.215289856E8,1.723638912E8
10000,4725253,8.23510032E7,1.8407068E8,1.766849632E8,1.263416496E8,8.00872432E7
10000,1457125,2.48399472E7,1.449742736E8,1.269126752E8,7.48504976E7,2.6630216E7
10000,1477077,2.48025056E7,1.439390544E8,1.29296752E8,7.39088464E7,2.4427816E7
10000,20549783,1.5516888E8,6.126861184E8,6.104880608E8,1.592063152E8,1.49158032E8
10000,17371615,1.500721472E8,5.45290464E8,5.4432552E8,1.682205952E8,1.492644352E8
10000,3110931,5.59554672E7,2.09527792E8,1.941206672E8,9.92366368E7,5.41148272E7
10000,10189285,1.822293184E8,3.870482336E8,3.3415368E8,2.20617216E8,1.723367088E8
10000,11982189,1.864740304E8,4.0348384E8,3.954040928E8,2.217397344E8,1.723158016E8
10000,22709354,2.796114176E8,7.894946656E8,7.017089984E8,2.838192752E8,2.73800448E8
10000,22174658,2.7963656E8,7.6747004E8,6.915492912E8,2.883440368E8,2.737953376E8
10000,10417981,1.833404992E8,3.544331216E8,3.4252504E8,2.215372736E8,1.72346176E8
10000,287038,5825507.2,9.80584544E7,8.35785136E7,5.58754224E7,8393006.4
10000,3939850,5.67019568E7,1.767222688E8,2.128811648E8,1.01937592E8,5.45597504E7
10000,10659363,1.850043536E8,3.794555328E8,3.404914736E8,2.224678752E8,1.717340736E8
10000,22280585,2.795899424E8,7.853754288E8,6.962900608E8,2.883902576E8,2.738072928E8
10000,24149649,2.806211104E8,8.110338784E8,1.711035392E8,2.884745552E8,2.784925184E8
10000,10611699,1.825072368E8,3.63335424E8,3.502959024E8,2.205183472E8,1.723317568E8
10000,17017717,2.000461152E8,6.023596528E8,5.227424224E8,1.499748752E8,1.493713344E8
10000,23334761,2.80219376E8,7.940068544E8,3.07270992E8,2.883532176E8,2.739596832E8
10000,23830413,2.796252768E8,8.017888864E8,1.723238656E8,2.884426336E8,2.784603296E8
10000,13017729,1.8857612E8,4.265893696E8,4.182123088E8,2.222834896E8,1.749180432E8
10000,8419473,1.264657136E8,3.344394448E8,3.238065344E8,1.663754016E8,1.173400608E8
10000,22548321,2.794517376E8,7.773319328E8,7.0077444E8,2.88427504E8,2.738446E8
10000,3474575,5.75988272E7,2.207011744E8,2.021272256E8,1.01791112E8,5.36046896E7
10000,1607658,2.76791472E7,1.471895952E8,1.30138392E8,7.47881232E7,2.28435824E7
10000,5826870,8.66704912E7,2.345888672E8,2.218799072E8,1.270677776E8,7.92313312E7
10000,15535494,1.497927696E8,5.662808208E8,5.454930736E8,1.499307808E8,1.491704256E8
10000,10306408,1.829187904E8,3.5275772E8,3.36853976E8,2.215088944E8,1.723182128E8
10000,2340295,3.92322688E7,1.777891264E8,1.59107888E8,8.42812368E7,3.36710912E7
10000,15127224,1.498512704E8,5.57860352E8,5.50924656E8,1.680707248E8,1.491328896E8
10000,13287842,1.880359488E8,4.423955232E8,4.229465456E8,2.224583872E8,1.749143456E8
10000,10840170,1.857761216E8,3.743666432E8,3.583756336E8,2.208128656E8,1.72354952E8
10000,22717824,2.687454032E8,7.907920816E8,7.01593864E8,2.837260128E8,2.737645376E8
10000,3462833,5.82994816E7,2.207544144E8,2.010282448E8,9.993068E7,5.50966288E7
10000,7891841,1.257290384E8,2.84093032E8,2.904876736E8,1.661161152E8,1.163371392E8
10000,10130279,1.816549888E8,3.676350992E8,3.258418768E8,2.19996624E8,1.71769992E8
10000,12127005,1.864917312E8,4.183440528E8,3.79328984E8,2.22584064E8,1.717622592E8
10000,16201450,2.005729568E8,5.266435904E8,5.745112512E8,1.681949488E8,1.491064048E8
10000,3078295,5.62806112E7,2.113983056E8,1.95593752E8,1.026223168E8,5.38428128E7
10000,7124418,1.246596368E8,2.595121648E8,2.793603216E8,1.626999808E8,1.15813536E8
10000,13481244,1.878662944E8,4.435650944E8,4.274063408E8,2.223087248E8,1.749172576E8
10000,22690385,2.799380464E8,7.720387744E8,7.017435504E8,2.838077792E8,2.738142032E8
10000,10796849,1.822662272E8,3.823487312E8,3.452787696E8,2.224688592E8,1.71753296E8
10000,19741996,2.045833312E8,6.023421232E8,5.91471808E8,1.545153712E8,1.493039584E8
10000,2501234,3.986708E7,1.773962656E8,1.634990256E8,8.42239584E7,3.44127488E7
10000,21771299,2.797171632E8,7.684923312E8,6.77219808E8,2.83808E8,2.738137776E8
10000,5699734,8.29812096E7,2.316587008E8,2.189906192E8,1.267535696E8,7.92390416E7
10000,9283468,1.816400432E8,3.449873504E8,3.730523872E8,2.213981376E8,1.717251104E8
10000,3999793,5.67458032E7,2.317139328E8,2.157555536E8,1.000263312E8,5.47672816E7
10000,9287307,1.819461824E8,3.453794448E8,3.67467496E8,2.2161704E8,1.718089088E8
10000,24147220,2.836581664E8,8.119945696E8,2.9966808E7,2.88449488E8,2.783984112E8
10000,1451232,2.8419392E7,1.443322544E8,1.284883936E8,7.27898336E7,2.61300736E7
10000,18899090,1.5359168E8,5.849909616E8,5.76727056E8,1.683185232E8,1.493767168E8
10000,701330,1.24450592E7,1.147494208E8,9.4568672E7,6.13786304E7,9726472.0
10000,13695140,1.889150592E8,4.517106112E8,4.32237456E8,2.22531584E8,1.742044112E8
10000,20257088,1.54967016E8,6.150839152E8,6.087807712E8,1.636925408E8,1.493571712E8
10000,14442132,1.747050912E8,5.273166368E8,5.160822448E8,1.499865776E8,1.49222064E8
10000,22492057,2.790756464E8,7.682592064E8,6.96713336E8,2.838080752E8,2.73797904E8
10000,6313558,1.212420192E8,2.610125056E8,2.618009232E8,1.63052472E8,1.163192928E8
10000,20138823,1.546227232E8,6.123017488E8,6.089468112E8,1.664664656E8,1.49179552E8
